{
  "variants": {
    "": [
      {
        "model": "minecraft:block/cactus",
        "y": 0,
        "weight": 4
      },
      {
        "model": "minecraft:block/cactus",
        "y": 90,
        "weight": 4
      },

      {
        "model": "minecraft:block/cactus1",
        "y": 0,
        "weight": 1
      },
      {
        "model": "minecraft:block/cactus1",
        "y": 90,
        "weight": 1
      },
      {
        "model": "minecraft:block/cactus1",
        "y": 180,
        "weight": 1
      },
      {
        "model": "minecraft:block/cactus1",
        "y": 270,
        "weight": 1
      },

      {
        "model": "minecraft:block/cactus2",
        "y": 0,
        "weight": 1
      },
      {
        "model": "minecraft:block/cactus2",
        "y": 90,
        "weight": 1
      },
      {
        "model": "minecraft:block/cactus2",
        "y": 180,
        "weight": 1
      },
      {
        "model": "minecraft:block/cactus2",
        "y": 270,
        "weight": 1
      }
    ]
  }
}