{
	"model": {
		"type": "minecraft:composite",
		"models": [
			{
				"type": "minecraft:select",
				"property": "minecraft:component",
				"component": "minecraft:potion_contents",
				"fallback": {
					"type": "minecraft:model",
					"model": "minecraft:item/lingering_potion",
					"tints": [{
						"type": "minecraft:potion",
						"default": -13083194
					}]
				},
				"cases": [
					{
						"when": [
							{"potion": "mundane"}
						],
						"model": {
							"type": "minecraft:model",
							"model": "minecraft:item/lingering_potion",
							"tints": [{
								"type": "minecraft:potion",
								"default": -13083194
							}]
						}
					},
					{
						"when": [
							{"potion": "thick"}
						],
						"model": {
							"type": "minecraft:model",
							"model": "minecraft:item/lingering_potion",
							"tints": [{
								"type": "minecraft:potion",
								"default": -13083194
							}]
						}
					},
					{
						"when": [
							{"potion": "awkward"}
						],
						"model": {
							"type": "minecraft:model",
							"model": "minecraft:item/lingering_potion",
							"tints": [{
								"type": "minecraft:potion",
								"default": -13083194
							}]
						}
					},
					{
						"when": [
							{"potion": "night_vision"},
							{"potion": "long_night_vision"}
						],
						"model": {
							"type": "minecraft:model",
							"model": "minecraft:item/lingering_potion",
							"tints": [{
								"type": "minecraft:potion",
								"default": -13083194
							}]
						}
					},
					{
						"when": [
							{"potion": "invisibility"},
							{"potion": "long_invisibility"}
						],
						"model": {
							"type": "minecraft:model",
							"model": "minecraft:item/lingering_potion",
							"tints": [{
								"type": "minecraft:potion",
								"default": -13083194
							}]
						}
					},
					{
						"when": [
							{"potion": "leaping"},
							{"potion": "long_leaping"},
							{"potion": "strong_leaping"}
						],
						"model": {
							"type": "minecraft:model",
							"model": "minecraft:item/lingering_potion",
							"tints": [{
								"type": "minecraft:potion",
								"default": -13083194
							}]
						}
					},
					{
						"when": [
							{"potion": "fire_resistance"},
							{"potion": "long_fire_resistance"}
						],
						"model": {
							"type": "minecraft:model",
							"model": "minecraft:item/lingering_potion",
							"tints": [{
								"type": "minecraft:potion",
								"default": -13083194
							}]
						}
					},
					{
						"when": [
							{"potion": "swiftness"},
							{"potion": "long_swiftness"},
							{"potion": "strong_swiftness"}
						],
						"model": {
							"type": "minecraft:model",
							"model": "minecraft:item/lingering_potion",
							"tints": [{
								"type": "minecraft:potion",
								"default": -13083194
							}]
						}
					},
					{
						"when": [
							{"potion": "slowness"},
							{"potion": "long_slowness"},
							{"potion": "strong_slowness"}
						],
						"model": {
							"type": "minecraft:model",
							"model": "minecraft:item/lingering_potion",
							"tints": [{
								"type": "minecraft:potion",
								"default": -13083194
							}]
						}
					},
					{
						"when": [
							{"potion": "turtle_master"},
							{"potion": "long_turtle_master"},
							{"potion": "strong_turtle_master"}
						],
						"model": {
							"type": "minecraft:model",
							"model": "minecraft:item/lingering_potion",
							"tints": [{
								"type": "minecraft:potion",
								"default": -13083194
							}]
						}
					},
					{
						"when": [
							{"potion": "water_breathing"},
							{"potion": "long_water_breathing"}
						],
						"model": {
							"type": "minecraft:model",
							"model": "minecraft:item/lingering_potion",
							"tints": [{
								"type": "minecraft:potion",
								"default": -13083194
							}]
						}
					},
					{
						"when": [
							{"potion": "healing"},
							{"potion": "strong_healing"}
						],
						"model": {
							"type": "minecraft:model",
							"model": "minecraft:item/lingering_potion",
							"tints": [{
								"type": "minecraft:potion",
								"default": -13083194
							}]
						}
					},
					{
						"when": [
							{"potion": "harming"},
							{"potion": "strong_harming"}
						],
						"model": {
							"type": "minecraft:model",
							"model": "minecraft:item/lingering_potion",
							"tints": [{
								"type": "minecraft:potion",
								"default": -13083194
							}]
						}
					},
					{
						"when": [
							{"potion": "poison"},
							{"potion": "long_poison"},
							{"potion": "strong_poison"}
						],
						"model": {
							"type": "minecraft:model",
							"model": "minecraft:item/lingering_potion",
							"tints": [{
								"type": "minecraft:potion",
								"default": -13083194
							}]
						}
					},
					{
						"when": [
							{"potion": "regeneration"},
							{"potion": "long_regeneration"},
							{"potion": "strong_regeneration"}
						],
						"model": {
							"type": "minecraft:model",
							"model": "minecraft:item/lingering_potion",
							"tints": [{
								"type": "minecraft:potion",
								"default": -13083194
							}]
						}
					},
					{
						"when": [
							{"potion": "strength"},
							{"potion": "long_strength"},
							{"potion": "strong_strength"}
						],
						"model": {
							"type": "minecraft:model",
							"model": "minecraft:item/lingering_potion",
							"tints": [{
								"type": "minecraft:potion",
								"default": -13083194
							}]
						}
					},
					{
						"when": [
							{"potion": "weakness"},
							{"potion": "long_weakness"}
						],
						"model": {
							"type": "minecraft:model",
							"model": "minecraft:item/lingering_potion",
							"tints": [{
								"type": "minecraft:potion",
								"default": -13083194
							}]
						}
					},
					{
						"when": [
							{"potion": "luck"}
						],
						"model": {
							"type": "minecraft:model",
							"model": "minecraft:item/lingering_potion",
							"tints": [{
								"type": "minecraft:potion",
								"default": -13083194
							}]
						}
					},
					{
						"when": [
							{"potion": "slow_falling"},
							{"potion": "long_slow_falling"}
						],
						"model": {
							"type": "minecraft:model",
							"model": "minecraft:item/lingering_potion",
							"tints": [{
								"type": "minecraft:potion",
								"default": -13083194
							}]
						}
					},
					{
						"when": [
							{"potion": "wind_charged"}
						],
						"model": {
							"type": "minecraft:model",
							"model": "minecraft:item/lingering_potion",
							"tints": [{
								"type": "minecraft:potion",
								"default": -13083194
							}]
						}
					},
					{
						"when": [
							{"potion": "weaving"}
						],
						"model": {
							"type": "minecraft:model",
							"model": "minecraft:item/lingering_potion",
							"tints": [{
								"type": "minecraft:potion",
								"default": -13083194
							}]
						}
					},
					{
						"when": [
							{"potion": "oozing"}
						],
						"model": {
							"type": "minecraft:model",
							"model": "minecraft:item/lingering_potion",
							"tints": [{
								"type": "minecraft:potion",
								"default": -13083194
							}]
						}
					},
					{
						"when": [
							{"potion": "infested"}
						],
						"model": {
							"type": "minecraft:model",
							"model": "minecraft:item/lingering_potion",
							"tints": [{
								"type": "minecraft:potion",
								"default": -13083194
							}]
						}
					}
				]
			},
			{
				"type": "minecraft:select",
				"property": "minecraft:component",
				"component": "minecraft:potion_contents",
				"cases": [
					{
						"when": [
							{"potion": "long_night_vision"},
							{"potion": "long_invisibility"},
							{"potion": "long_leaping"},
							{"potion": "long_fire_resistance"},
							{"potion": "long_swiftness"},
							{"potion": "long_slowness"},
							{"potion": "long_turtle_master"},
							{"potion": "long_water_breathing"},
							{"potion": "long_poison"},
							{"potion": "long_regeneration"},
							{"potion": "long_strength"},
							{"potion": "long_weakness"},
							{"potion": "long_slow_falling"}
						],
						"model": {
							"type": "minecraft:model",
							"model": "minecraft:item/potions/long"
						}
					},
					{
						"when": [
							{"potion": "strong_leaping"},
							{"potion": "strong_swiftness"},
							{"potion": "strong_slowness"},
							{"potion": "strong_turtle_master"},
							{"potion": "strong_healing"},
							{"potion": "strong_harming"},
							{"potion": "strong_poison"},
							{"potion": "strong_regeneration"},
							{"potion": "strong_strength"}
						],
						"model": {
							"type": "minecraft:model",
							"model": "minecraft:item/potions/strong"
						}
					}
				],
				"fallback": {
					"type": "minecraft:empty"
				}
			}
		]
	}
}